Month,Forecast_Watch_Hours
2026-01,5894.851147342995
2026-02,5892.922066908213
2026-03,5890.99298647343
2026-04,5889.0639060386475
2026-05,5887.1348256038655
2026-06,5885.205745169083
